id,distrito,fecha,procedimiento,tipo_obra_ed,tipo_hu,modalidad,estado,area_m2,presupuesto_soles
LIM-202401-001,Lima Metropolitana,2024-01-01,ED-LIC,ED-NUE,,A,Aprobada,6.9,7979.39
LIM-202401-002,Lima Metropolitana,2024-01-01,ED-LIC,ED-NUE,,D,En evaluación,141.8,189784.26
LIM-202401-003,Lima Metropolitana,2024-01-01,ED-LIC,ED-AMP,,B,En evaluación,289.9,210435.1
LIM-202401-004,Lima Metropolitana,2024-01-01,ED-LIC,ED-AMP,,D,Aprobada,819.2,1644263.16
LIM-202401-005,Lima Metropolitana,2024-01-01,ED-LIC,ED-NUE,,A,Aprobada,171.3,188945.71
LIM-202401-006,Lima Metropolitana,2024-01-01,ED-LIC,ED-ACO,,B,Aprobada,80.6,149619.05
LIM-202402-001,Lima Metropolitana,2024-02-01,ED-LIC,ED-NUE,,B,Observada,401.9,811097.79
LIM-202402-002,Lima Metropolitana,2024-02-01,ED-LIC,ED-REF,,B,Aprobada,108.8,95608.91
LIM-202402-003,Lima Metropolitana,2024-02-01,ED-LIC,ED-REM,,A,Aprobada,102.4,127290.48
LIM-202403-001,Lima Metropolitana,2024-03-01,ED-LIC,ED-AMP,,C,Aprobada,72.0,125568.21
LIM-202403-002,Lima Metropolitana,2024-03-01,ED-LIC,ED-CER,,A,Aprobada,194.7,123407.88
LIM-202403-003,Lima Metropolitana,2024-03-01,ED-LIC,ED-NUE,,A,Aprobada,299.3,518133.82
LIM-202403-004,Lima Metropolitana,2024-03-01,HU-LIC,,HU-VIV-VGL,A,Aprobada,47.7,66649.97
LIM-202403-005,Lima Metropolitana,2024-03-01,ED-LIC,ED-DEM,,C,En evaluación,105.7,171863.68
LIM-202403-006,Lima Metropolitana,2024-03-01,ED-LIC,ED-NUE,,C,Aprobada,115.9,184244.89
LIM-202404-001,Lima Metropolitana,2024-04-01,HU-LIC,,HU-REURB,B,Observada,143.3,194904.35
LIM-202404-002,Lima Metropolitana,2024-04-01,ED-LIC,ED-AMP,,D,Observada,154.9,241914.65
LIM-202404-003,Lima Metropolitana,2024-04-01,HU-LIC,,HU-VIV-SIM,B,En evaluación,121.5,139062.4
LIM-202404-004,Lima Metropolitana,2024-04-01,ED-LIC,ED-CER,,D,Aprobada,35.3,46552.1
LIM-202404-005,Lima Metropolitana,2024-04-01,ED-LIC,ED-CER,,C,Aprobada,370.0,619845.27
LIM-202405-001,Lima Metropolitana,2024-05-01,ED-LIC,ED-NUE,,B,En evaluación,120.7,115121.07
LIM-202405-002,Lima Metropolitana,2024-05-01,ED-LIC,ED-REM,,B,Aprobada,149.2,190529.94
LIM-202405-003,Lima Metropolitana,2024-05-01,ED-LIC,ED-NUE,,B,Aprobada,319.2,568539.01
LIM-202405-004,Lima Metropolitana,2024-05-01,ED-LIC,ED-CER,,B,Aprobada,66.8,75590.74
LIM-202406-001,Lima Metropolitana,2024-06-01,ED-LIC,ED-NUE,,C,Aprobada,18.0,24094.01
LIM-202406-002,Lima Metropolitana,2024-06-01,ED-LIC,ED-NUE,,B,Aprobada,178.5,308051.22
LIM-202407-001,Lima Metropolitana,2024-07-01,ED-LIC,ED-AMP,,A,Aprobada,108.5,163108.29
LIM-202407-002,Lima Metropolitana,2024-07-01,ED-LIC,ED-NUE,,B,Observada,179.2,233264.89
LIM-202407-003,Lima Metropolitana,2024-07-01,ED-LIC,ED-AMP,,A,Aprobada,88.4,129655.04
LIM-202407-004,Lima Metropolitana,2024-07-01,HU-LIC,,HU-VIV-CONV,B,Aprobada,166.3,180463.76
LIM-202408-001,Lima Metropolitana,2024-08-01,ED-LIC,ED-AMP,,B,Aprobada,185.1,159112.44
LIM-202408-002,Lima Metropolitana,2024-08-01,ED-LIC,ED-CER,,C,Observada,242.3,194596.84
LIM-202408-003,Lima Metropolitana,2024-08-01,ED-LIC,ED-NUE,,A,Aprobada,205.8,297897.67
LIM-202408-004,Lima Metropolitana,2024-08-01,ED-LIC,ED-CER,,C,Aprobada,96.4,153377.19
LIM-202408-005,Lima Metropolitana,2024-08-01,ED-LIC,ED-NUE,,A,Observada,387.9,531263.03
LIM-202408-006,Lima Metropolitana,2024-08-01,ED-LIC,ED-ACO,,A,Observada,313.6,667517.47
LIM-202408-007,Lima Metropolitana,2024-08-01,ED-LIC,ED-REF,,D,Aprobada,107.8,147027.44
LIM-202409-001,Lima Metropolitana,2024-09-01,ED-LIC,ED-AMP,,B,Aprobada,50.0,97961.04
LIM-202409-002,Lima Metropolitana,2024-09-01,ED-LIC,ED-REF,,B,Aprobada,110.2,78199.92
LIM-202409-003,Lima Metropolitana,2024-09-01,ED-LIC,ED-PUV,,B,Aprobada,244.9,389101.05
LIM-202409-004,Lima Metropolitana,2024-09-01,ED-LIC,ED-DEM,,B,Observada,402.2,319319.97
LIM-202410-001,Lima Metropolitana,2024-10-01,ED-LIC,ED-NUE,,D,Observada,58.5,35379.57
LIM-202410-002,Lima Metropolitana,2024-10-01,ED-LIC,ED-NUE,,B,Aprobada,133.5,174341.01
LIM-202410-003,Lima Metropolitana,2024-10-01,HU-LIC,,HU-VIV-VGL,C,Aprobada,217.2,350669.18
LIM-202410-004,Lima Metropolitana,2024-10-01,ED-LIC,ED-REF,,B,Observada,70.6,88660.66
LIM-202410-005,Lima Metropolitana,2024-10-01,ED-LIC,ED-REF,,A,Aprobada,108.5,190203.03
LIM-202411-001,Lima Metropolitana,2024-11-01,HU-LIC,,HU-VIV-VGL,A,Aprobada,197.6,408473.57
LIM-202411-002,Lima Metropolitana,2024-11-01,ED-LIC,ED-NUE,,B,Aprobada,221.4,309451.78
LIM-202411-003,Lima Metropolitana,2024-11-01,ED-LIC,ED-NUE,,B,Aprobada,278.1,412376.24
LIM-202412-001,Lima Metropolitana,2024-12-01,HU-LIC,,HU-COM,A,Observada,196.7,120886.91
LIM-202412-002,Lima Metropolitana,2024-12-01,ED-LIC,ED-AMP,,C,Aprobada,41.7,58348.35
LIM-202412-003,Lima Metropolitana,2024-12-01,ED-LIC,ED-NUE,,A,En evaluación,70.7,87990.07
LIM-202412-004,Lima Metropolitana,2024-12-01,HU-LIC,,HU-COM,A,En evaluación,81.2,49096.26
LIM-202412-005,Lima Metropolitana,2024-12-01,ED-LIC,ED-NUE,,B,Aprobada,343.0,398444.53
LIM-202412-006,Lima Metropolitana,2024-12-01,ED-LIC,ED-NUE,,B,Aprobada,181.0,148424.62
LIM-202412-007,Lima Metropolitana,2024-12-01,ED-LIC,ED-REM,,C,Observada,96.6,134905.88
LIM-202501-001,Lima Metropolitana,2025-01-01,ED-LIC,ED-REF,,C,Aprobada,94.3,98472.59
LIM-202501-002,Lima Metropolitana,2025-01-01,ED-LIC,ED-AMP,,C,Aprobada,128.5,114994.64
LIM-202501-003,Lima Metropolitana,2025-01-01,ED-LIC,ED-ACO,,A,Observada,63.7,86441.66
LIM-202501-004,Lima Metropolitana,2025-01-01,ED-LIC,ED-REM,,A,Aprobada,113.9,156340.62
LIM-202502-001,Lima Metropolitana,2025-02-01,ED-LIC,ED-DEM,,B,Aprobada,227.3,268139.94
LIM-202502-002,Lima Metropolitana,2025-02-01,HU-LIC,,HU-REURB,C,Aprobada,83.3,80617.33
LIM-202502-003,Lima Metropolitana,2025-02-01,ED-LIC,ED-NUE,,C,Aprobada,164.3,155914.7
LIM-202502-004,Lima Metropolitana,2025-02-01,ED-LIC,ED-NUE,,C,Aprobada,326.5,595930.88
LIM-202502-005,Lima Metropolitana,2025-02-01,HU-LIC,,HU-ETAP,B,Aprobada,114.0,223448.99
LIM-202502-006,Lima Metropolitana,2025-02-01,ED-LIC,ED-REF,,A,Aprobada,176.8,330640.57
LIM-202502-007,Lima Metropolitana,2025-02-01,ED-LIC,ED-ACO,,B,Observada,281.4,444870.47
LIM-202503-001,Lima Metropolitana,2025-03-01,ED-LIC,ED-DEM,,C,Observada,198.0,272093.61
LIM-202503-002,Lima Metropolitana,2025-03-01,ED-LIC,ED-NUE,,D,Aprobada,202.0,157897.79
LIM-202503-003,Lima Metropolitana,2025-03-01,ED-LIC,ED-ACO,,A,Denegada,88.2,132391.47
LIM-202503-004,Lima Metropolitana,2025-03-01,ED-LIC,ED-NUE,,B,Aprobada,196.1,252019.04
LIM-202503-005,Lima Metropolitana,2025-03-01,ED-LIC,ED-ACO,,B,Aprobada,159.5,266378.34
LIM-202503-006,Lima Metropolitana,2025-03-01,ED-LIC,ED-AMP,,A,Aprobada,181.7,352359.87
LIM-202504-001,Lima Metropolitana,2025-04-01,HU-LIC,,HU-IND,B,Observada,158.2,339151.68
LIM-202504-002,Lima Metropolitana,2025-04-01,HU-LIC,,HU-ETAP,B,Aprobada,60.9,75215.09
LIM-202504-003,Lima Metropolitana,2025-04-01,ED-LIC,ED-NUE,,C,Aprobada,242.9,247072.3
LIM-202504-004,Lima Metropolitana,2025-04-01,ED-LIC,ED-REF,,B,Aprobada,223.7,232236.3
LIM-202504-005,Lima Metropolitana,2025-04-01,ED-LIC,ED-DEM,,A,Aprobada,68.2,93428.23
LIM-202504-006,Lima Metropolitana,2025-04-01,ED-LIC,ED-REF,,A,Observada,224.1,293573.28
LIM-202504-007,Lima Metropolitana,2025-04-01,ED-LIC,ED-NUE,,C,Aprobada,38.0,36464.18
LIM-202504-008,Lima Metropolitana,2025-04-01,ED-LIC,ED-NUE,,B,Aprobada,462.0,815495.33
LIM-202505-001,Lima Metropolitana,2025-05-01,ED-LIC,ED-REM,,B,Aprobada,300.2,351979.73
LIM-202505-002,Lima Metropolitana,2025-05-01,ED-LIC,ED-NUE,,C,Observada,234.4,328932.63
LIM-202505-003,Lima Metropolitana,2025-05-01,HU-LIC,,HU-VIV-SIM,A,Aprobada,118.9,154226.98
LIM-202505-004,Lima Metropolitana,2025-05-01,ED-LIC,ED-AMP,,C,Aprobada,87.4,129372.98
LIM-202505-005,Lima Metropolitana,2025-05-01,HU-LIC,,HU-PROG,B,Aprobada,140.7,281240.94
LIM-202506-001,Lima Metropolitana,2025-06-01,HU-LIC,,HU-VIV-SIM,B,Aprobada,305.4,564935.57
LIM-202506-002,Lima Metropolitana,2025-06-01,HU-LIC,,HU-COM,B,Aprobada,91.6,142461.03
LIM-202506-003,Lima Metropolitana,2025-06-01,ED-LIC,ED-AMP,,C,Aprobada,30.1,51387.29
LIM-202506-004,Lima Metropolitana,2025-06-01,HU-LIC,,HU-PROG,C,Aprobada,267.3,209972.62
LIM-202506-005,Lima Metropolitana,2025-06-01,ED-LIC,ED-NUE,,B,Aprobada,89.8,181079.16
LIM-202506-006,Lima Metropolitana,2025-06-01,ED-LIC,ED-NUE,,A,Aprobada,357.9,289240.65
LIM-202506-007,Lima Metropolitana,2025-06-01,ED-LIC,ED-AMP,,D,Aprobada,79.7,138501.28
LIM-202507-001,Lima Metropolitana,2025-07-01,ED-LIC,ED-REF,,A,En evaluación,328.9,697391.96
LIM-202507-002,Lima Metropolitana,2025-07-01,HU-LIC,,HU-REURB,B,Aprobada,192.3,405189.71
LIM-202507-003,Lima Metropolitana,2025-07-01,ED-LIC,ED-NUE,,B,Observada,137.6,117521.46
LIM-202507-004,Lima Metropolitana,2025-07-01,ED-LIC,ED-ACO,,B,Aprobada,84.8,102097.49
LIM-202508-001,Lima Metropolitana,2025-08-01,ED-LIC,ED-ACO,,A,Aprobada,373.0,539093.81
LIM-202508-002,Lima Metropolitana,2025-08-01,ED-LIC,ED-REF,,A,Aprobada,280.0,604427.79
LIM-202508-003,Lima Metropolitana,2025-08-01,HU-LIC,,HU-COM,B,Denegada,285.7,219783.06
LIM-202508-004,Lima Metropolitana,2025-08-01,ED-LIC,ED-REF,,C,Aprobada,202.1,342182.76
LIM-202508-005,Lima Metropolitana,2025-08-01,ED-LIC,ED-NUE,,B,Aprobada,49.6,63917.98
LIM-202508-006,Lima Metropolitana,2025-08-01,ED-LIC,ED-NUE,,A,Aprobada,186.7,194851.16
LIM-202509-001,Lima Metropolitana,2025-09-01,ED-LIC,ED-AMP,,A,Observada,186.1,263407.71
LIM-202509-002,Lima Metropolitana,2025-09-01,ED-LIC,ED-NUE,,C,Aprobada,37.6,70207.45
LIM-202509-003,Lima Metropolitana,2025-09-01,ED-LIC,ED-NUE,,A,Denegada,215.8,245821.66
LIM-202509-004,Lima Metropolitana,2025-09-01,ED-LIC,ED-REF,,B,Aprobada,175.3,371930.74
LIM-202509-005,Lima Metropolitana,2025-09-01,ED-LIC,ED-NUE,,A,Aprobada,45.5,68256.0
LIM-202510-001,Lima Metropolitana,2025-10-01,ED-LIC,ED-AMP,,A,En evaluación,325.4,407770.92
LIM-202510-002,Lima Metropolitana,2025-10-01,ED-LIC,ED-NUE,,B,Observada,203.1,330300.16
LIM-202510-003,Lima Metropolitana,2025-10-01,ED-LIC,ED-AMP,,A,Aprobada,61.0,127306.07
LIM-202510-004,Lima Metropolitana,2025-10-01,ED-LIC,ED-ACO,,A,Aprobada,97.3,157419.07
LIM-202511-001,Lima Metropolitana,2025-11-01,ED-LIC,ED-NUE,,B,En evaluación,228.2,242691.35
LIM-202511-002,Lima Metropolitana,2025-11-01,ED-LIC,ED-AMP,,A,Aprobada,217.6,187897.93
LIM-202511-003,Lima Metropolitana,2025-11-01,ED-LIC,ED-AMP,,B,En evaluación,272.1,446334.08
LIM-202511-004,Lima Metropolitana,2025-11-01,ED-LIC,ED-NUE,,A,Aprobada,86.2,59515.58
LIM-202511-005,Lima Metropolitana,2025-11-01,ED-LIC,ED-AMP,,C,Observada,54.6,68142.82
LIM-202511-006,Lima Metropolitana,2025-11-01,ED-LIC,ED-REM,,A,Aprobada,178.5,107925.43
LIM-202511-007,Lima Metropolitana,2025-11-01,ED-LIC,ED-ACO,,B,Aprobada,156.4,340929.11
LIM-202512-001,Lima Metropolitana,2025-12-01,ED-LIC,ED-CER,,B,Aprobada,272.6,253372.05
LIM-202512-002,Lima Metropolitana,2025-12-01,HU-LIC,,HU-VIV-SIM,B,Aprobada,60.6,59259.59
LIM-202512-003,Lima Metropolitana,2025-12-01,ED-LIC,ED-AMP,,A,Aprobada,424.4,281545.63
LIM-202512-004,Lima Metropolitana,2025-12-01,ED-LIC,ED-NUE,,A,Aprobada,157.1,170163.33
MIR-202401-001,Miraflores,2024-01-01,ED-LIC,ED-OTH,,B,Aprobada,49.3,77134.47
MIR-202401-002,Miraflores,2024-01-01,ED-LIC,ED-ACO,,B,Aprobada,167.1,244015.48
MIR-202401-003,Miraflores,2024-01-01,ED-LIC,ED-ACO,,A,En evaluación,112.7,172161.57
MIR-202402-001,Miraflores,2024-02-01,ED-LIC,ED-NUE,,B,Observada,403.1,298607.89
MIR-202402-002,Miraflores,2024-02-01,ED-LIC,ED-REF,,B,En evaluación,372.0,773375.86
MIR-202402-003,Miraflores,2024-02-01,ED-LIC,ED-ACO,,D,Aprobada,342.2,589113.19
MIR-202402-004,Miraflores,2024-02-01,ED-LIC,ED-AMP,,A,Aprobada,189.1,280811.07
MIR-202402-005,Miraflores,2024-02-01,ED-LIC,ED-AMP,,B,Aprobada,249.1,509927.08
MIR-202402-006,Miraflores,2024-02-01,ED-LIC,ED-ACO,,D,Aprobada,91.8,187783.99
MIR-202403-001,Miraflores,2024-03-01,ED-LIC,ED-AMP,,C,Aprobada,133.4,200100.43
MIR-202403-002,Miraflores,2024-03-01,ED-LIC,ED-REF,,B,Aprobada,31.9,30872.02
MIR-202403-003,Miraflores,2024-03-01,ED-LIC,ED-NUE,,C,Aprobada,191.2,255597.01
MIR-202403-004,Miraflores,2024-03-01,HU-LIC,,HU-REURB,D,Aprobada,204.6,241296.38
MIR-202404-001,Miraflores,2024-04-01,ED-LIC,ED-REM,,B,Aprobada,195.6,237055.99
MIR-202404-002,Miraflores,2024-04-01,ED-LIC,ED-REM,,B,Denegada,230.3,491384.08
MIR-202404-003,Miraflores,2024-04-01,ED-LIC,ED-NUE,,A,Observada,310.6,444246.06
MIR-202404-004,Miraflores,2024-04-01,ED-LIC,ED-NUE,,A,Aprobada,139.4,138769.54
MIR-202404-005,Miraflores,2024-04-01,ED-LIC,ED-CER,,A,Aprobada,472.0,980399.54
MIR-202405-001,Miraflores,2024-05-01,ED-LIC,ED-REM,,B,En evaluación,113.7,157125.85
MIR-202406-001,Miraflores,2024-06-01,ED-LIC,ED-CER,,A,Aprobada,162.9,143134.8
MIR-202406-002,Miraflores,2024-06-01,ED-LIC,ED-AMP,,C,Aprobada,66.9,101564.13
MIR-202406-003,Miraflores,2024-06-01,ED-LIC,ED-AMP,,B,Denegada,158.5,146479.2
MIR-202406-004,Miraflores,2024-06-01,ED-LIC,ED-AMP,,D,Observada,259.1,394091.31
MIR-202406-005,Miraflores,2024-06-01,ED-LIC,ED-NUE,,B,Aprobada,13.7,9187.65
MIR-202407-001,Miraflores,2024-07-01,ED-LIC,ED-CER,,D,Aprobada,334.1,355980.86
MIR-202407-002,Miraflores,2024-07-01,ED-LIC,ED-REF,,A,Aprobada,325.7,707036.89
MIR-202407-003,Miraflores,2024-07-01,ED-LIC,ED-NUE,,C,Aprobada,152.0,94290.87
MIR-202407-004,Miraflores,2024-07-01,HU-LIC,,HU-VIV-VGL,A,Aprobada,57.9,100276.62
MIR-202407-005,Miraflores,2024-07-01,HU-LIC,,HU-IND,C,Aprobada,208.4,189769.74
MIR-202407-006,Miraflores,2024-07-01,HU-LIC,,HU-VIV-VVE,C,Aprobada,33.8,64249.86
MIR-202408-001,Miraflores,2024-08-01,HU-LIC,,HU-VIV-VVE,A,Aprobada,97.4,177646.76
MIR-202408-002,Miraflores,2024-08-01,ED-LIC,ED-ACO,,C,En evaluación,131.5,122398.16
MIR-202409-001,Miraflores,2024-09-01,ED-LIC,ED-REM,,C,Aprobada,68.9,136227.94
MIR-202409-002,Miraflores,2024-09-01,ED-LIC,ED-REM,,C,Aprobada,55.3,57353.98
MIR-202409-003,Miraflores,2024-09-01,ED-LIC,ED-REM,,C,En evaluación,141.4,213131.4
MIR-202410-001,Miraflores,2024-10-01,HU-LIC,,HU-VIV-CONV,D,Aprobada,97.6,79671.13
MIR-202410-002,Miraflores,2024-10-01,ED-LIC,ED-REF,,B,En evaluación,52.7,74120.61
MIR-202410-003,Miraflores,2024-10-01,ED-LIC,ED-REM,,A,Aprobada,114.9,90620.49
MIR-202410-004,Miraflores,2024-10-01,ED-LIC,ED-NUE,,B,Observada,299.5,240608.83
MIR-202410-005,Miraflores,2024-10-01,ED-LIC,ED-REF,,C,Denegada,208.3,360664.94
MIR-202410-006,Miraflores,2024-10-01,ED-LIC,ED-ACO,,B,Aprobada,53.2,84571.32
MIR-202410-007,Miraflores,2024-10-01,ED-LIC,ED-NUE,,B,Aprobada,224.3,401473.07
MIR-202410-008,Miraflores,2024-10-01,ED-LIC,ED-AMP,,B,En evaluación,160.6,318505.28
MIR-202410-009,Miraflores,2024-10-01,ED-LIC,ED-REM,,B,Aprobada,189.9,315776.1
MIR-202410-010,Miraflores,2024-10-01,ED-LIC,ED-NUE,,A,Aprobada,377.5,483024.35
MIR-202410-011,Miraflores,2024-10-01,ED-LIC,ED-REM,,B,Aprobada,114.4,82071.26
MIR-202411-001,Miraflores,2024-11-01,ED-LIC,ED-NUE,,A,Denegada,246.5,169129.32
MIR-202411-002,Miraflores,2024-11-01,ED-LIC,ED-REF,,A,Aprobada,464.5,806764.21
MIR-202411-003,Miraflores,2024-11-01,ED-LIC,ED-REM,,A,Observada,102.4,146614.68
MIR-202411-004,Miraflores,2024-11-01,HU-LIC,,HU-ETAP,B,En evaluación,47.5,32316.16
MIR-202411-005,Miraflores,2024-11-01,ED-LIC,ED-NUE,,D,Observada,66.0,64309.39
MIR-202411-006,Miraflores,2024-11-01,ED-LIC,ED-AMP,,B,Aprobada,119.0,91810.43
MIR-202501-001,Miraflores,2025-01-01,ED-LIC,ED-NUE,,A,En evaluación,341.2,683146.44
MIR-202501-002,Miraflores,2025-01-01,ED-LIC,ED-AMP,,B,En evaluación,183.7,311956.98
MIR-202501-003,Miraflores,2025-01-01,ED-LIC,ED-NUE,,B,Aprobada,73.7,107760.29
MIR-202501-004,Miraflores,2025-01-01,ED-LIC,ED-CER,,A,Aprobada,49.8,36194.92
MIR-202502-001,Miraflores,2025-02-01,ED-LIC,ED-CER,,B,Denegada,124.1,92071.93
MIR-202502-002,Miraflores,2025-02-01,ED-LIC,ED-NUE,,D,Aprobada,288.2,325386.8
MIR-202502-003,Miraflores,2025-02-01,ED-LIC,ED-AMP,,C,Aprobada,249.8,312594.32
MIR-202502-004,Miraflores,2025-02-01,HU-LIC,,HU-ESP,B,Aprobada,299.8,556491.35
MIR-202502-005,Miraflores,2025-02-01,ED-LIC,ED-AMP,,C,Aprobada,55.1,68224.04
MIR-202503-001,Miraflores,2025-03-01,ED-LIC,ED-NUE,,A,Observada,253.3,437365.72
MIR-202503-002,Miraflores,2025-03-01,ED-LIC,ED-NUE,,D,Aprobada,91.0,174383.68
MIR-202503-003,Miraflores,2025-03-01,ED-LIC,ED-AMP,,B,Aprobada,74.1,107833.07
MIR-202503-004,Miraflores,2025-03-01,ED-LIC,ED-NUE,,B,Aprobada,162.0,274082.78
MIR-202503-005,Miraflores,2025-03-01,ED-LIC,ED-REF,,B,Aprobada,67.1,145416.53
MIR-202504-001,Miraflores,2025-04-01,ED-LIC,ED-REF,,C,Observada,65.0,92262.64
MIR-202504-002,Miraflores,2025-04-01,ED-LIC,ED-NUE,,B,Aprobada,307.2,419651.15
MIR-202504-003,Miraflores,2025-04-01,ED-LIC,ED-NUE,,B,Aprobada,158.1,218764.51
MIR-202505-001,Miraflores,2025-05-01,ED-LIC,ED-NUE,,D,En evaluación,48.6,39753.17
MIR-202505-002,Miraflores,2025-05-01,ED-LIC,ED-AMP,,B,En evaluación,185.6,247662.84
MIR-202505-003,Miraflores,2025-05-01,ED-LIC,ED-NUE,,A,Aprobada,164.6,336303.83
MIR-202505-004,Miraflores,2025-05-01,HU-LIC,,HU-VIV-CONV,C,En evaluación,38.4,79575.29
MIR-202506-001,Miraflores,2025-06-01,ED-LIC,ED-AMP,,B,Observada,122.5,89687.01
MIR-202506-002,Miraflores,2025-06-01,ED-LIC,ED-ACO,,B,Aprobada,107.8,193472.54
MIR-202506-003,Miraflores,2025-06-01,ED-LIC,ED-NUE,,B,Observada,322.7,557648.37
MIR-202506-004,Miraflores,2025-06-01,HU-LIC,,HU-ETAP,D,Aprobada,156.6,279173.26
MIR-202506-005,Miraflores,2025-06-01,ED-LIC,ED-CER,,B,Aprobada,34.9,76360.24
MIR-202507-001,Miraflores,2025-07-01,ED-LIC,ED-NUE,,B,Aprobada,90.8,76636.94
MIR-202507-002,Miraflores,2025-07-01,ED-LIC,ED-REF,,A,En evaluación,45.1,73671.42
MIR-202507-003,Miraflores,2025-07-01,ED-LIC,ED-AMP,,D,Aprobada,7.2,4643.56
MIR-202507-004,Miraflores,2025-07-01,ED-LIC,ED-AMP,,C,Aprobada,221.7,404661.3
MIR-202507-005,Miraflores,2025-07-01,HU-LIC,,HU-OTH,A,En evaluación,69.1,131531.54
MIR-202508-001,Miraflores,2025-08-01,ED-LIC,ED-REM,,B,Aprobada,182.5,296606.17
MIR-202508-002,Miraflores,2025-08-01,ED-LIC,ED-NUE,,B,Aprobada,322.7,612617.02
MIR-202508-003,Miraflores,2025-08-01,ED-LIC,ED-NUE,,C,Aprobada,114.0,236729.85
MIR-202508-004,Miraflores,2025-08-01,ED-LIC,ED-NUE,,A,Aprobada,103.1,77904.52
MIR-202508-005,Miraflores,2025-08-01,ED-LIC,ED-AMP,,C,Observada,64.5,86482.22
MIR-202508-006,Miraflores,2025-08-01,ED-LIC,ED-NUE,,C,Observada,357.7,446018.98
MIR-202509-001,Miraflores,2025-09-01,ED-LIC,ED-REM,,A,Aprobada,36.3,65000.98
MIR-202509-002,Miraflores,2025-09-01,ED-LIC,ED-REM,,C,Observada,44.0,35181.15
MIR-202509-003,Miraflores,2025-09-01,ED-LIC,ED-REF,,B,En evaluación,141.4,294580.42
MIR-202509-004,Miraflores,2025-09-01,HU-LIC,,HU-VIV-SIM,C,Aprobada,201.5,121700.93
MIR-202509-005,Miraflores,2025-09-01,HU-LIC,,HU-VIV-CONV,A,Aprobada,115.2,73796.41
MIR-202509-006,Miraflores,2025-09-01,ED-LIC,ED-REF,,B,Observada,206.6,355053.65
MIR-202509-007,Miraflores,2025-09-01,ED-LIC,ED-ACO,,D,En evaluación,238.5,249880.18
MIR-202509-008,Miraflores,2025-09-01,ED-LIC,ED-AMP,,C,Observada,141.6,127795.57
MIR-202510-001,Miraflores,2025-10-01,ED-LIC,ED-NUE,,C,En evaluación,106.7,215491.99
MIR-202510-002,Miraflores,2025-10-01,ED-LIC,ED-OTH,,A,Denegada,47.4,59948.6
MIR-202511-001,Miraflores,2025-11-01,ED-LIC,ED-REM,,C,Aprobada,42.4,28839.8
MIR-202511-002,Miraflores,2025-11-01,ED-LIC,ED-PUV,,C,Observada,202.7,306971.12
MIR-202511-003,Miraflores,2025-11-01,ED-LIC,ED-NUE,,A,Aprobada,81.4,119567.45
MIR-202511-004,Miraflores,2025-11-01,ED-LIC,ED-NUE,,C,Observada,97.8,130755.83
MIR-202511-005,Miraflores,2025-11-01,HU-LIC,,HU-REURB,A,Aprobada,119.2,133951.59
MIR-202512-001,Miraflores,2025-12-01,ED-LIC,ED-PUV,,A,Aprobada,588.2,536407.73
MIR-202512-002,Miraflores,2025-12-01,ED-LIC,ED-NUE,,A,Aprobada,107.8,83543.98
MIR-202512-003,Miraflores,2025-12-01,ED-LIC,ED-NUE,,B,Aprobada,119.5,182248.36
MIR-202512-004,Miraflores,2025-12-01,ED-LIC,ED-NUE,,A,Aprobada,144.1,256828.85
MIR-202512-005,Miraflores,2025-12-01,ED-LIC,ED-NUE,,A,Observada,35.1,68260.28
SAN-202401-001,San Isidro,2024-01-01,ED-LIC,ED-DEM,,B,Aprobada,46.9,74744.93
SAN-202401-002,San Isidro,2024-01-01,ED-LIC,ED-DEM,,B,Aprobada,75.3,94209.65
SAN-202401-003,San Isidro,2024-01-01,ED-LIC,ED-REM,,B,En evaluación,367.5,550416.94
SAN-202401-004,San Isidro,2024-01-01,ED-LIC,ED-AMP,,C,Aprobada,216.2,143209.18
SAN-202401-005,San Isidro,2024-01-01,ED-LIC,ED-OTH,,B,Observada,12.7,12219.56
SAN-202401-006,San Isidro,2024-01-01,ED-LIC,ED-NUE,,D,En evaluación,166.4,318414.0
SAN-202402-001,San Isidro,2024-02-01,ED-LIC,ED-REM,,B,Aprobada,291.6,318519.53
SAN-202402-002,San Isidro,2024-02-01,ED-LIC,ED-NUE,,C,Aprobada,21.0,38228.76
SAN-202402-003,San Isidro,2024-02-01,ED-LIC,ED-REF,,C,Aprobada,81.5,85348.66
SAN-202402-004,San Isidro,2024-02-01,ED-LIC,ED-REF,,B,Observada,344.3,426261.55
SAN-202402-005,San Isidro,2024-02-01,ED-LIC,ED-NUE,,A,Observada,135.8,83344.92
SAN-202402-006,San Isidro,2024-02-01,ED-LIC,ED-NUE,,B,Aprobada,194.8,370008.05
SAN-202402-007,San Isidro,2024-02-01,ED-LIC,ED-REF,,D,Aprobada,107.2,225391.04
SAN-202402-008,San Isidro,2024-02-01,ED-LIC,ED-REM,,B,Aprobada,288.3,503741.3
SAN-202403-001,San Isidro,2024-03-01,HU-LIC,,HU-ETAP,B,Aprobada,207.4,215757.43
SAN-202403-002,San Isidro,2024-03-01,ED-LIC,ED-AMP,,B,Denegada,183.5,330542.25
SAN-202403-003,San Isidro,2024-03-01,HU-LIC,,HU-PROG,B,Aprobada,220.0,250919.22
SAN-202403-004,San Isidro,2024-03-01,ED-LIC,ED-PUV,,A,Aprobada,312.1,220310.37
SAN-202403-005,San Isidro,2024-03-01,ED-LIC,ED-CER,,B,Observada,134.9,228974.43
SAN-202403-006,San Isidro,2024-03-01,HU-LIC,,HU-VIV-VGL,B,Aprobada,192.7,308386.62
SAN-202403-007,San Isidro,2024-03-01,ED-LIC,ED-PUV,,B,Aprobada,100.5,61597.31
SAN-202404-001,San Isidro,2024-04-01,ED-LIC,ED-NUE,,C,En evaluación,349.6,359231.72
SAN-202404-002,San Isidro,2024-04-01,ED-LIC,ED-PUV,,D,En evaluación,176.9,273994.42
SAN-202404-003,San Isidro,2024-04-01,ED-LIC,ED-NUE,,B,En evaluación,36.0,24094.28
SAN-202404-004,San Isidro,2024-04-01,ED-LIC,ED-NUE,,B,Aprobada,202.4,369501.88
SAN-202404-005,San Isidro,2024-04-01,ED-LIC,ED-NUE,,B,Denegada,240.8,206554.61
SAN-202404-006,San Isidro,2024-04-01,HU-LIC,,HU-VIV-VGL,A,Denegada,86.6,121226.47
SAN-202404-007,San Isidro,2024-04-01,ED-LIC,ED-NUE,,B,En evaluación,82.7,129539.56
SAN-202404-008,San Isidro,2024-04-01,ED-LIC,ED-REF,,C,Aprobada,58.6,98040.23
SAN-202404-009,San Isidro,2024-04-01,ED-LIC,ED-NUE,,C,Observada,17.3,25129.65
SAN-202404-010,San Isidro,2024-04-01,ED-LIC,ED-NUE,,B,Aprobada,79.8,149970.93
SAN-202404-011,San Isidro,2024-04-01,ED-LIC,ED-REF,,C,Observada,205.1,374431.35
SAN-202405-001,San Isidro,2024-05-01,ED-LIC,ED-NUE,,C,Aprobada,331.8,642740.85
SAN-202405-002,San Isidro,2024-05-01,ED-LIC,ED-OTH,,B,Observada,134.0,247730.96
SAN-202405-003,San Isidro,2024-05-01,ED-LIC,ED-AMP,,B,En evaluación,56.2,120700.39
SAN-202406-001,San Isidro,2024-06-01,ED-LIC,ED-DEM,,D,Aprobada,180.9,220994.85
SAN-202407-001,San Isidro,2024-07-01,ED-LIC,ED-AMP,,B,Aprobada,65.5,72660.91
SAN-202407-002,San Isidro,2024-07-01,ED-LIC,ED-NUE,,B,Aprobada,194.4,117970.48
SAN-202407-003,San Isidro,2024-07-01,ED-LIC,ED-NUE,,C,Aprobada,265.6,180416.58
SAN-202407-004,San Isidro,2024-07-01,ED-LIC,ED-AMP,,A,Aprobada,109.1,136715.11
SAN-202408-001,San Isidro,2024-08-01,HU-LIC,,HU-ETAP,D,Aprobada,171.0,229178.74
SAN-202408-002,San Isidro,2024-08-01,ED-LIC,ED-CER,,B,Aprobada,77.5,152051.65
SAN-202408-003,San Isidro,2024-08-01,HU-LIC,,HU-VIV-CONV,B,Observada,19.3,36210.22
SAN-202409-001,San Isidro,2024-09-01,HU-LIC,,HU-VIV-SIM,A,Aprobada,88.9,187876.01
SAN-202409-002,San Isidro,2024-09-01,ED-LIC,ED-DEM,,A,Aprobada,168.9,189342.85
SAN-202409-003,San Isidro,2024-09-01,ED-LIC,ED-NUE,,A,Aprobada,127.5,124935.36
SAN-202409-004,San Isidro,2024-09-01,ED-LIC,ED-AMP,,A,Aprobada,192.1,333357.07
SAN-202409-005,San Isidro,2024-09-01,HU-LIC,,HU-VIV-VGL,B,Aprobada,177.0,131708.21
SAN-202409-006,San Isidro,2024-09-01,ED-LIC,ED-NUE,,B,Aprobada,11.6,14493.28
SAN-202409-007,San Isidro,2024-09-01,HU-LIC,,HU-PROG,C,Observada,273.0,526287.63
SAN-202409-008,San Isidro,2024-09-01,ED-LIC,ED-REM,,B,Aprobada,257.3,352131.04
SAN-202409-009,San Isidro,2024-09-01,ED-LIC,ED-NUE,,B,Aprobada,29.4,43700.51
SAN-202409-010,San Isidro,2024-09-01,ED-LIC,ED-NUE,,A,Aprobada,243.2,457799.38
SAN-202409-011,San Isidro,2024-09-01,ED-LIC,ED-CER,,C,Aprobada,321.2,268780.56
SAN-202410-001,San Isidro,2024-10-01,ED-LIC,ED-AMP,,A,Observada,109.8,162210.32
SAN-202410-002,San Isidro,2024-10-01,ED-LIC,ED-ACO,,A,Aprobada,189.2,236742.2
SAN-202410-003,San Isidro,2024-10-01,ED-LIC,ED-NUE,,B,Aprobada,195.3,426586.22
SAN-202410-004,San Isidro,2024-10-01,ED-LIC,ED-REM,,B,Aprobada,49.0,47815.69
SAN-202410-005,San Isidro,2024-10-01,ED-LIC,ED-NUE,,D,Aprobada,546.6,844042.44
SAN-202411-001,San Isidro,2024-11-01,ED-LIC,ED-REF,,D,Aprobada,409.4,824347.15
SAN-202411-002,San Isidro,2024-11-01,ED-LIC,ED-REF,,A,Aprobada,428.0,836157.6
SAN-202411-003,San Isidro,2024-11-01,ED-LIC,ED-ACO,,A,Aprobada,144.1,193078.17
SAN-202411-004,San Isidro,2024-11-01,HU-LIC,,HU-VIV-CONV,B,Aprobada,44.4,69290.64
SAN-202412-001,San Isidro,2024-12-01,ED-LIC,ED-AMP,,B,Aprobada,311.5,265599.68
SAN-202412-002,San Isidro,2024-12-01,ED-LIC,ED-REM,,B,En evaluación,182.2,320084.9
SAN-202412-003,San Isidro,2024-12-01,ED-LIC,ED-NUE,,A,Observada,71.3,81057.72
SAN-202412-004,San Isidro,2024-12-01,HU-LIC,,HU-VIV-SIM,C,Aprobada,50.6,105075.76
SAN-202412-005,San Isidro,2024-12-01,ED-LIC,ED-AMP,,D,Aprobada,81.5,126694.95
SAN-202412-006,San Isidro,2024-12-01,ED-LIC,ED-NUE,,C,En evaluación,15.1,26733.55
SAN-202412-007,San Isidro,2024-12-01,ED-LIC,ED-AMP,,B,Aprobada,177.6,378535.65
SAN-202501-001,San Isidro,2025-01-01,ED-LIC,ED-REF,,A,Aprobada,212.7,298946.32
SAN-202501-002,San Isidro,2025-01-01,ED-LIC,ED-REF,,C,Aprobada,47.0,34655.4
SAN-202501-003,San Isidro,2025-01-01,ED-LIC,ED-NUE,,A,Observada,205.2,169718.82
SAN-202501-004,San Isidro,2025-01-01,ED-LIC,ED-NUE,,B,Observada,264.9,440038.44
SAN-202502-001,San Isidro,2025-02-01,ED-LIC,ED-REF,,C,Aprobada,78.7,156446.96
SAN-202502-002,San Isidro,2025-02-01,ED-LIC,ED-REM,,A,Aprobada,163.0,232633.07
SAN-202502-003,San Isidro,2025-02-01,ED-LIC,ED-NUE,,B,En evaluación,185.0,177949.18
SAN-202502-004,San Isidro,2025-02-01,ED-LIC,ED-NUE,,B,En evaluación,127.8,80806.37
SAN-202503-001,San Isidro,2025-03-01,ED-LIC,ED-AMP,,D,Aprobada,134.5,233359.47
SAN-202503-002,San Isidro,2025-03-01,ED-LIC,ED-PUV,,B,Aprobada,168.8,230310.8
SAN-202503-003,San Isidro,2025-03-01,HU-LIC,,HU-IND,D,Aprobada,212.6,139784.13
SAN-202503-004,San Isidro,2025-03-01,ED-LIC,ED-NUE,,A,Aprobada,111.0,104241.97
SAN-202503-005,San Isidro,2025-03-01,ED-LIC,ED-AMP,,B,Aprobada,100.2,186452.42
SAN-202503-006,San Isidro,2025-03-01,HU-LIC,,HU-VAC,A,Aprobada,288.8,357416.31
SAN-202504-001,San Isidro,2025-04-01,ED-LIC,ED-REF,,A,Observada,128.3,271891.33
SAN-202504-002,San Isidro,2025-04-01,HU-LIC,,HU-COM,A,Observada,100.5,218269.39
SAN-202505-001,San Isidro,2025-05-01,ED-LIC,ED-NUE,,B,Aprobada,135.5,183717.66
SAN-202505-002,San Isidro,2025-05-01,ED-LIC,ED-REF,,B,Aprobada,498.8,389554.11
SAN-202506-001,San Isidro,2025-06-01,ED-LIC,ED-ACO,,B,Aprobada,172.1,347902.36
SAN-202506-002,San Isidro,2025-06-01,ED-LIC,ED-REM,,A,En evaluación,377.9,726417.25
SAN-202506-003,San Isidro,2025-06-01,ED-LIC,ED-ACO,,B,Aprobada,10.2,17043.38
SAN-202506-004,San Isidro,2025-06-01,ED-LIC,ED-CER,,C,Aprobada,197.5,187045.18
SAN-202506-005,San Isidro,2025-06-01,ED-LIC,ED-AMP,,C,Aprobada,107.0,118452.23
SAN-202507-001,San Isidro,2025-07-01,ED-LIC,ED-AMP,,B,Aprobada,106.2,160607.27
SAN-202507-002,San Isidro,2025-07-01,ED-LIC,ED-CER,,A,Aprobada,422.1,500135.36
SAN-202507-003,San Isidro,2025-07-01,ED-LIC,ED-ACO,,B,Aprobada,242.3,515763.8
SAN-202507-004,San Isidro,2025-07-01,ED-LIC,ED-REF,,A,Aprobada,409.0,253926.08
SAN-202507-005,San Isidro,2025-07-01,ED-LIC,ED-NUE,,A,Aprobada,10.5,7574.23
SAN-202507-006,San Isidro,2025-07-01,ED-LIC,ED-AMP,,C,Aprobada,138.5,142192.02
SAN-202508-001,San Isidro,2025-08-01,ED-LIC,ED-REM,,C,Denegada,166.7,249446.02
SAN-202508-002,San Isidro,2025-08-01,ED-LIC,ED-REM,,D,En evaluación,110.0,108778.12
SAN-202508-003,San Isidro,2025-08-01,ED-LIC,ED-NUE,,B,Aprobada,149.7,212482.68
SAN-202508-004,San Isidro,2025-08-01,ED-LIC,ED-AMP,,B,En evaluación,85.0,131749.77
SAN-202508-005,San Isidro,2025-08-01,ED-LIC,ED-NUE,,A,Aprobada,130.6,171077.06
SAN-202509-001,San Isidro,2025-09-01,ED-LIC,ED-REF,,A,Aprobada,73.2,98304.74
SAN-202509-002,San Isidro,2025-09-01,ED-LIC,ED-DEM,,A,Aprobada,369.9,578487.07
SAN-202509-003,San Isidro,2025-09-01,HU-LIC,,HU-ESP,B,Aprobada,123.6,243853.7
SAN-202509-004,San Isidro,2025-09-01,ED-LIC,ED-AMP,,A,Aprobada,75.0,80895.67
SAN-202509-005,San Isidro,2025-09-01,ED-LIC,ED-CER,,C,Aprobada,108.4,213016.25
SAN-202509-006,San Isidro,2025-09-01,ED-LIC,ED-REM,,C,Aprobada,117.1,212119.61
SAN-202509-007,San Isidro,2025-09-01,ED-LIC,ED-AMP,,A,Aprobada,140.3,99575.53
SAN-202510-001,San Isidro,2025-10-01,ED-LIC,ED-OTH,,B,Denegada,12.3,18515.95
SAN-202510-002,San Isidro,2025-10-01,ED-LIC,ED-NUE,,B,Aprobada,47.4,74642.95
SAN-202510-003,San Isidro,2025-10-01,ED-LIC,ED-AMP,,A,Aprobada,207.6,146906.58
SAN-202510-004,San Isidro,2025-10-01,HU-LIC,,HU-VIV-CONV,A,En evaluación,50.9,86996.53
SAN-202510-005,San Isidro,2025-10-01,ED-LIC,ED-AMP,,B,En evaluación,85.9,64842.47
SAN-202511-001,San Isidro,2025-11-01,ED-LIC,ED-REM,,A,En evaluación,216.4,229930.94
SAN-202511-002,San Isidro,2025-11-01,ED-LIC,ED-NUE,,C,Aprobada,286.4,228073.98
SAN-202511-003,San Isidro,2025-11-01,HU-LIC,,HU-IND,C,Observada,156.9,160672.33
SAN-202511-004,San Isidro,2025-11-01,ED-LIC,ED-NUE,,B,Aprobada,352.2,514508.48
SAN-202512-001,San Isidro,2025-12-01,ED-LIC,ED-REF,,B,Observada,43.8,43851.71
SAN-202512-002,San Isidro,2025-12-01,ED-LIC,ED-REM,,C,Aprobada,123.7,242771.32
SAN-202512-003,San Isidro,2025-12-01,HU-LIC,,HU-OTH,A,Aprobada,347.4,560790.05
SAN-202512-004,San Isidro,2025-12-01,ED-LIC,ED-AMP,,B,En evaluación,65.3,134849.95
SAN-202512-005,San Isidro,2025-12-01,ED-LIC,ED-DEM,,A,Aprobada,253.6,291487.02
SAN-202512-006,San Isidro,2025-12-01,ED-LIC,ED-AMP,,C,Aprobada,142.2,91229.71
IND-202401-001,Independencia,2024-01-01,ED-LIC,ED-AMP,,B,Aprobada,83.9,168241.09
IND-202401-002,Independencia,2024-01-01,ED-LIC,ED-NUE,,D,Aprobada,38.1,61956.74
IND-202401-003,Independencia,2024-01-01,HU-LIC,,HU-VIV-CONV,A,Denegada,300.3,271752.71
IND-202401-004,Independencia,2024-01-01,ED-LIC,ED-AMP,,A,Denegada,91.0,141001.8
IND-202401-005,Independencia,2024-01-01,ED-LIC,ED-NUE,,B,Denegada,76.5,74714.83
IND-202401-006,Independencia,2024-01-01,ED-LIC,ED-AMP,,D,En evaluación,70.3,73121.23
IND-202401-007,Independencia,2024-01-01,ED-LIC,ED-OTH,,B,Aprobada,48.3,102447.32
IND-202401-008,Independencia,2024-01-01,ED-LIC,ED-NUE,,A,Aprobada,46.2,60134.3
IND-202401-009,Independencia,2024-01-01,ED-LIC,ED-ACO,,C,Aprobada,77.2,157393.81
IND-202401-010,Independencia,2024-01-01,ED-LIC,ED-AMP,,B,Observada,69.7,49356.98
IND-202401-011,Independencia,2024-01-01,ED-LIC,ED-AMP,,B,Denegada,105.4,215943.75
IND-202401-012,Independencia,2024-01-01,ED-LIC,ED-REF,,A,Aprobada,200.9,394209.19
IND-202402-001,Independencia,2024-02-01,HU-LIC,,HU-VIV-CONV,B,Aprobada,129.8,278782.57
IND-202402-002,Independencia,2024-02-01,ED-LIC,ED-REF,,C,Observada,265.7,223151.25
IND-202402-003,Independencia,2024-02-01,ED-LIC,ED-NUE,,A,Aprobada,90.0,143601.32
IND-202402-004,Independencia,2024-02-01,ED-LIC,ED-DEM,,C,Aprobada,107.0,147176.38
IND-202402-005,Independencia,2024-02-01,ED-LIC,ED-NUE,,A,Aprobada,32.8,42968.06
IND-202402-006,Independencia,2024-02-01,ED-LIC,ED-AMP,,D,Aprobada,123.4,192596.44
IND-202402-007,Independencia,2024-02-01,HU-LIC,,HU-COM,A,En evaluación,171.0,264319.27
IND-202402-008,Independencia,2024-02-01,ED-LIC,ED-NUE,,D,Observada,174.6,319471.57
IND-202402-009,Independencia,2024-02-01,ED-LIC,ED-NUE,,B,En evaluación,95.9,69164.44
IND-202403-001,Independencia,2024-03-01,ED-LIC,ED-REF,,D,En evaluación,57.6,71960.14
IND-202403-002,Independencia,2024-03-01,HU-LIC,,HU-REURB,C,Observada,86.2,158260.97
IND-202403-003,Independencia,2024-03-01,ED-LIC,ED-NUE,,B,Observada,55.6,104895.49
IND-202403-004,Independencia,2024-03-01,HU-LIC,,HU-ETAP,A,Observada,132.2,231821.65
IND-202403-005,Independencia,2024-03-01,ED-LIC,ED-REF,,D,Aprobada,47.8,104633.57
IND-202404-001,Independencia,2024-04-01,ED-LIC,ED-AMP,,A,Aprobada,94.3,66277.1
IND-202404-002,Independencia,2024-04-01,ED-LIC,ED-CER,,A,Aprobada,218.0,152633.57
IND-202404-003,Independencia,2024-04-01,ED-LIC,ED-CER,,C,Observada,503.9,650399.79
IND-202404-004,Independencia,2024-04-01,ED-LIC,ED-AMP,,A,Aprobada,45.3,44200.86
IND-202404-005,Independencia,2024-04-01,ED-LIC,ED-REM,,D,Aprobada,128.0,139289.02
IND-202404-006,Independencia,2024-04-01,ED-LIC,ED-NUE,,C,Aprobada,395.7,401216.79
IND-202405-001,Independencia,2024-05-01,ED-LIC,ED-AMP,,C,En evaluación,251.8,381662.84
IND-202405-002,Independencia,2024-05-01,ED-LIC,ED-NUE,,B,Aprobada,20.1,18942.63
IND-202405-003,Independencia,2024-05-01,ED-LIC,ED-REM,,A,Aprobada,72.6,83401.27
IND-202405-004,Independencia,2024-05-01,ED-LIC,ED-PUV,,A,Aprobada,220.3,300642.82
IND-202405-005,Independencia,2024-05-01,ED-LIC,ED-REM,,A,Observada,65.1,78279.66
IND-202405-006,Independencia,2024-05-01,ED-LIC,ED-NUE,,D,Observada,182.8,286119.47
IND-202405-007,Independencia,2024-05-01,ED-LIC,ED-ACO,,D,Aprobada,244.6,479926.47
IND-202405-008,Independencia,2024-05-01,ED-LIC,ED-OTH,,B,Aprobada,51.2,46106.38
IND-202405-009,Independencia,2024-05-01,ED-LIC,ED-NUE,,A,Aprobada,265.2,509129.15
IND-202406-001,Independencia,2024-06-01,ED-LIC,ED-AMP,,D,Aprobada,166.4,238329.36
IND-202406-002,Independencia,2024-06-01,ED-LIC,ED-ACO,,B,Aprobada,126.9,184512.1
IND-202406-003,Independencia,2024-06-01,ED-LIC,ED-REM,,A,Aprobada,123.6,122972.24
IND-202406-004,Independencia,2024-06-01,ED-LIC,ED-NUE,,A,Aprobada,32.1,20800.34
IND-202406-005,Independencia,2024-06-01,ED-LIC,ED-NUE,,A,En evaluación,150.1,150736.73
IND-202406-006,Independencia,2024-06-01,ED-LIC,ED-DEM,,D,Aprobada,295.6,495941.96
IND-202406-007,Independencia,2024-06-01,ED-LIC,ED-REM,,B,Aprobada,188.6,329829.61
IND-202406-008,Independencia,2024-06-01,ED-LIC,ED-REM,,B,Aprobada,363.8,302953.69
IND-202407-001,Independencia,2024-07-01,ED-LIC,ED-AMP,,B,Aprobada,156.4,212118.25
IND-202407-002,Independencia,2024-07-01,ED-LIC,ED-NUE,,B,Aprobada,39.8,67625.59
IND-202407-003,Independencia,2024-07-01,ED-LIC,ED-AMP,,A,Aprobada,91.1,74737.89
IND-202407-004,Independencia,2024-07-01,ED-LIC,ED-NUE,,A,Observada,105.6,112747.41
IND-202407-005,Independencia,2024-07-01,ED-LIC,ED-NUE,,C,Denegada,61.4,89082.87
IND-202407-006,Independencia,2024-07-01,ED-LIC,ED-NUE,,A,Observada,71.5,95385.86
IND-202407-007,Independencia,2024-07-01,ED-LIC,ED-REM,,A,Aprobada,191.7,241887.29
IND-202407-008,Independencia,2024-07-01,ED-LIC,ED-REM,,A,Aprobada,25.0,50264.75
IND-202407-009,Independencia,2024-07-01,ED-LIC,ED-CER,,A,Observada,241.4,183043.12
IND-202407-010,Independencia,2024-07-01,HU-LIC,,HU-VIV-CONV,A,Aprobada,291.1,198645.37
IND-202408-001,Independencia,2024-08-01,ED-LIC,ED-NUE,,C,Aprobada,253.4,256698.87
IND-202408-002,Independencia,2024-08-01,ED-LIC,ED-NUE,,B,Aprobada,139.0,282513.38
IND-202408-003,Independencia,2024-08-01,ED-LIC,ED-REM,,C,Aprobada,296.8,259059.55
IND-202408-004,Independencia,2024-08-01,ED-LIC,ED-AMP,,A,En evaluación,145.8,130329.21
IND-202408-005,Independencia,2024-08-01,ED-LIC,ED-REF,,A,Aprobada,103.9,122838.06
IND-202408-006,Independencia,2024-08-01,ED-LIC,ED-AMP,,A,En evaluación,346.3,277782.22
IND-202408-007,Independencia,2024-08-01,ED-LIC,ED-REF,,B,En evaluación,80.7,157726.63
IND-202408-008,Independencia,2024-08-01,HU-LIC,,HU-COM,B,Aprobada,63.2,40855.17
IND-202408-009,Independencia,2024-08-01,ED-LIC,ED-CER,,B,En evaluación,117.4,91804.29
IND-202408-010,Independencia,2024-08-01,ED-LIC,ED-NUE,,A,Aprobada,276.5,356880.23
IND-202408-011,Independencia,2024-08-01,ED-LIC,ED-REM,,B,Aprobada,73.6,124880.21
IND-202408-012,Independencia,2024-08-01,ED-LIC,ED-AMP,,A,Aprobada,110.3,121109.48
IND-202409-001,Independencia,2024-09-01,ED-LIC,ED-NUE,,B,Aprobada,104.7,169466.38
IND-202409-002,Independencia,2024-09-01,ED-LIC,ED-NUE,,B,Aprobada,148.2,207430.96
IND-202409-003,Independencia,2024-09-01,ED-LIC,ED-REM,,A,Observada,203.6,126173.32
IND-202409-004,Independencia,2024-09-01,ED-LIC,ED-REM,,B,Aprobada,160.7,232704.42
IND-202409-005,Independencia,2024-09-01,ED-LIC,ED-NUE,,B,Observada,62.4,105348.09
IND-202409-006,Independencia,2024-09-01,ED-LIC,ED-AMP,,A,Aprobada,86.3,142615.27
IND-202410-001,Independencia,2024-10-01,ED-LIC,ED-ACO,,A,Observada,225.2,185895.81
IND-202410-002,Independencia,2024-10-01,ED-LIC,ED-NUE,,A,En evaluación,54.1,107927.46
IND-202410-003,Independencia,2024-10-01,HU-LIC,,HU-VIV-CONV,B,Aprobada,66.6,120022.96
IND-202410-004,Independencia,2024-10-01,ED-LIC,ED-REF,,B,Aprobada,88.4,81982.15
IND-202410-005,Independencia,2024-10-01,ED-LIC,ED-REM,,C,Aprobada,265.3,420890.84
IND-202410-006,Independencia,2024-10-01,ED-LIC,ED-AMP,,B,En evaluación,130.3,160929.41
IND-202410-007,Independencia,2024-10-01,HU-LIC,,HU-REURB,B,Aprobada,125.3,87102.43
IND-202411-001,Independencia,2024-11-01,ED-LIC,ED-REF,,C,Aprobada,111.9,165223.8
IND-202411-002,Independencia,2024-11-01,ED-LIC,ED-AMP,,A,Aprobada,265.9,251678.33
IND-202411-003,Independencia,2024-11-01,HU-LIC,,HU-VIV-CONV,C,En evaluación,99.3,149528.22
IND-202411-004,Independencia,2024-11-01,ED-LIC,ED-NUE,,B,Aprobada,175.6,262868.22
IND-202411-005,Independencia,2024-11-01,ED-LIC,ED-REM,,D,En evaluación,130.2,112295.84
IND-202411-006,Independencia,2024-11-01,HU-LIC,,HU-REURB,C,Aprobada,141.2,166330.43
IND-202411-007,Independencia,2024-11-01,ED-LIC,ED-AMP,,B,Aprobada,410.9,746229.52
IND-202412-001,Independencia,2024-12-01,ED-LIC,ED-CER,,A,En evaluación,73.6,80269.47
IND-202412-002,Independencia,2024-12-01,ED-LIC,ED-NUE,,C,Observada,108.9,98121.38
IND-202412-003,Independencia,2024-12-01,ED-LIC,ED-REF,,C,Aprobada,82.6,151269.01
IND-202412-004,Independencia,2024-12-01,ED-LIC,ED-DEM,,A,Aprobada,126.2,271916.0
IND-202412-005,Independencia,2024-12-01,ED-LIC,ED-REM,,B,Observada,380.0,623919.65
IND-202412-006,Independencia,2024-12-01,ED-LIC,ED-REF,,B,En evaluación,115.8,250034.8
IND-202412-007,Independencia,2024-12-01,ED-LIC,ED-REF,,B,En evaluación,66.4,53302.29
IND-202501-001,Independencia,2025-01-01,ED-LIC,ED-NUE,,B,Aprobada,71.1,137077.74
IND-202501-002,Independencia,2025-01-01,ED-LIC,ED-CER,,A,Aprobada,92.8,192372.74
IND-202501-003,Independencia,2025-01-01,ED-LIC,ED-NUE,,C,Observada,209.3,452743.97
IND-202501-004,Independencia,2025-01-01,ED-LIC,ED-ACO,,B,Aprobada,229.3,433193.72
IND-202501-005,Independencia,2025-01-01,ED-LIC,ED-NUE,,B,Observada,177.0,283717.49
IND-202501-006,Independencia,2025-01-01,ED-LIC,ED-AMP,,A,Aprobada,212.3,136627.83
IND-202501-007,Independencia,2025-01-01,ED-LIC,ED-REM,,C,Aprobada,16.8,26221.03
IND-202501-008,Independencia,2025-01-01,ED-LIC,ED-AMP,,A,Aprobada,44.5,95982.98
IND-202501-009,Independencia,2025-01-01,ED-LIC,ED-REM,,B,Aprobada,303.1,591775.98
IND-202501-010,Independencia,2025-01-01,ED-LIC,ED-NUE,,B,Aprobada,164.3,237697.87
IND-202502-001,Independencia,2025-02-01,HU-LIC,,HU-VIV-VVE,D,Aprobada,67.2,115034.87
IND-202502-002,Independencia,2025-02-01,ED-LIC,ED-NUE,,B,Aprobada,224.9,254979.29
IND-202502-003,Independencia,2025-02-01,ED-LIC,ED-NUE,,B,En evaluación,81.9,120158.37
IND-202502-004,Independencia,2025-02-01,ED-LIC,ED-ACO,,C,Aprobada,173.1,255007.53
IND-202502-005,Independencia,2025-02-01,ED-LIC,ED-AMP,,A,Aprobada,74.6,60074.57
IND-202502-006,Independencia,2025-02-01,ED-LIC,ED-NUE,,C,Aprobada,52.6,77581.75
IND-202502-007,Independencia,2025-02-01,ED-LIC,ED-REM,,B,En evaluación,65.0,115986.52
IND-202502-008,Independencia,2025-02-01,ED-LIC,ED-NUE,,D,Aprobada,271.9,189774.95
IND-202502-009,Independencia,2025-02-01,ED-LIC,ED-REF,,A,Denegada,112.0,68308.82
IND-202502-010,Independencia,2025-02-01,ED-LIC,ED-AMP,,A,Aprobada,340.5,226688.43
IND-202502-011,Independencia,2025-02-01,HU-LIC,,HU-VIV-CONV,A,Aprobada,256.6,402166.15
IND-202503-001,Independencia,2025-03-01,HU-LIC,,HU-COM,A,Aprobada,228.2,353716.49
IND-202503-002,Independencia,2025-03-01,ED-LIC,ED-AMP,,A,Aprobada,76.5,54546.81
IND-202503-003,Independencia,2025-03-01,ED-LIC,ED-ACO,,D,Aprobada,412.0,743767.98
IND-202503-004,Independencia,2025-03-01,HU-LIC,,HU-COM,B,Denegada,201.6,172849.44
IND-202503-005,Independencia,2025-03-01,ED-LIC,ED-AMP,,B,Aprobada,70.7,117600.33
IND-202503-006,Independencia,2025-03-01,ED-LIC,ED-REF,,A,Aprobada,115.7,243346.99
IND-202504-001,Independencia,2025-04-01,ED-LIC,ED-AMP,,A,Aprobada,150.1,264592.05
IND-202504-002,Independencia,2025-04-01,ED-LIC,ED-DEM,,B,Aprobada,18.7,37429.57
IND-202504-003,Independencia,2025-04-01,ED-LIC,ED-ACO,,A,En evaluación,106.8,144187.53
IND-202504-004,Independencia,2025-04-01,HU-LIC,,HU-REURB,B,Aprobada,197.1,361922.11
IND-202504-005,Independencia,2025-04-01,HU-LIC,,HU-ETAP,B,Aprobada,44.6,42622.44
IND-202504-006,Independencia,2025-04-01,ED-LIC,ED-NUE,,C,Aprobada,298.0,520718.69
IND-202504-007,Independencia,2025-04-01,ED-LIC,ED-OTH,,D,Aprobada,180.3,154245.1
IND-202504-008,Independencia,2025-04-01,ED-LIC,ED-DEM,,B,Aprobada,69.5,71699.75
IND-202504-009,Independencia,2025-04-01,ED-LIC,ED-NUE,,A,Observada,144.7,278685.29
IND-202504-010,Independencia,2025-04-01,ED-LIC,ED-NUE,,C,En evaluación,10.3,6927.93
IND-202505-001,Independencia,2025-05-01,ED-LIC,ED-AMP,,B,Observada,224.3,220913.86
IND-202505-002,Independencia,2025-05-01,ED-LIC,ED-NUE,,C,Aprobada,377.6,827736.55
IND-202505-003,Independencia,2025-05-01,HU-LIC,,HU-REURB,C,En evaluación,119.2,196510.68
IND-202505-004,Independencia,2025-05-01,ED-LIC,ED-NUE,,C,Denegada,342.4,352431.78
IND-202505-005,Independencia,2025-05-01,ED-LIC,ED-AMP,,B,En evaluación,9.5,17270.02
IND-202505-006,Independencia,2025-05-01,ED-LIC,ED-NUE,,C,Aprobada,147.6,232770.47
IND-202505-007,Independencia,2025-05-01,ED-LIC,ED-AMP,,A,Aprobada,100.0,95577.45
IND-202506-001,Independencia,2025-06-01,ED-LIC,ED-REM,,A,Aprobada,229.4,483672.92
IND-202506-002,Independencia,2025-06-01,HU-LIC,,HU-PROG,B,Aprobada,24.7,43543.97
IND-202506-003,Independencia,2025-06-01,ED-LIC,ED-NUE,,A,Observada,24.9,22446.16
IND-202506-004,Independencia,2025-06-01,ED-LIC,ED-AMP,,B,Aprobada,154.7,187667.95
IND-202506-005,Independencia,2025-06-01,ED-LIC,ED-NUE,,A,Aprobada,104.2,172219.28
IND-202507-001,Independencia,2025-07-01,ED-LIC,ED-NUE,,A,Aprobada,127.7,214759.92
IND-202507-002,Independencia,2025-07-01,ED-LIC,ED-ACO,,B,Observada,50.7,91795.2
IND-202507-003,Independencia,2025-07-01,ED-LIC,ED-NUE,,B,En evaluación,460.0,598664.86
IND-202507-004,Independencia,2025-07-01,ED-LIC,ED-NUE,,A,Aprobada,701.1,1215105.56
IND-202507-005,Independencia,2025-07-01,ED-LIC,ED-CER,,A,En evaluación,49.3,91470.06
IND-202507-006,Independencia,2025-07-01,ED-LIC,ED-ACO,,B,Aprobada,223.2,211234.82
IND-202507-007,Independencia,2025-07-01,ED-LIC,ED-AMP,,C,Aprobada,278.1,186567.56
IND-202507-008,Independencia,2025-07-01,ED-LIC,ED-NUE,,B,Aprobada,51.7,44410.54
IND-202507-009,Independencia,2025-07-01,ED-LIC,ED-PUV,,B,Observada,265.2,407913.98
IND-202508-001,Independencia,2025-08-01,ED-LIC,ED-NUE,,C,Aprobada,61.0,115804.57
IND-202508-002,Independencia,2025-08-01,HU-LIC,,HU-VAC,D,En evaluación,49.6,56898.33
IND-202508-003,Independencia,2025-08-01,ED-LIC,ED-REM,,B,Aprobada,256.1,534555.38
IND-202508-004,Independencia,2025-08-01,ED-LIC,ED-AMP,,D,Observada,33.4,68970.65
IND-202508-005,Independencia,2025-08-01,ED-LIC,ED-CER,,C,En evaluación,89.3,86203.8
IND-202508-006,Independencia,2025-08-01,ED-LIC,ED-NUE,,B,Aprobada,213.5,405671.31
IND-202508-007,Independencia,2025-08-01,ED-LIC,ED-CER,,C,Aprobada,142.6,302403.82
IND-202509-001,Independencia,2025-09-01,ED-LIC,ED-ACO,,B,Aprobada,123.8,135256.7
IND-202509-002,Independencia,2025-09-01,ED-LIC,ED-REM,,B,En evaluación,20.6,38242.1
IND-202509-003,Independencia,2025-09-01,ED-LIC,ED-ACO,,A,En evaluación,20.7,18625.36
IND-202509-004,Independencia,2025-09-01,ED-LIC,ED-CER,,A,Aprobada,103.3,88729.56
IND-202510-001,Independencia,2025-10-01,HU-LIC,,HU-VIV-SIM,B,Aprobada,420.0,417434.07
IND-202510-002,Independencia,2025-10-01,ED-LIC,ED-NUE,,B,Aprobada,45.1,98199.59
IND-202510-003,Independencia,2025-10-01,ED-LIC,ED-AMP,,A,Aprobada,233.9,218206.38
IND-202510-004,Independencia,2025-10-01,HU-LIC,,HU-VIV-CONV,A,Aprobada,67.2,132073.3
IND-202510-005,Independencia,2025-10-01,HU-LIC,,HU-VIV-CONV,A,Aprobada,176.9,190152.04
IND-202510-006,Independencia,2025-10-01,ED-LIC,ED-CER,,D,Aprobada,54.7,93312.58
IND-202511-001,Independencia,2025-11-01,ED-LIC,ED-AMP,,B,Observada,138.1,224103.55
IND-202511-002,Independencia,2025-11-01,HU-LIC,,HU-VIV-SIM,A,Aprobada,49.6,48737.54
IND-202511-003,Independencia,2025-11-01,ED-LIC,ED-AMP,,A,En evaluación,162.5,221790.88
IND-202511-004,Independencia,2025-11-01,HU-LIC,,HU-VIV-SIM,A,Aprobada,165.6,171427.78
IND-202511-005,Independencia,2025-11-01,ED-LIC,ED-CER,,B,Observada,337.4,588053.28
IND-202511-006,Independencia,2025-11-01,ED-LIC,ED-REM,,A,Aprobada,38.4,73641.28
IND-202511-007,Independencia,2025-11-01,ED-LIC,ED-NUE,,C,Aprobada,150.4,229370.83
IND-202511-008,Independencia,2025-11-01,ED-LIC,ED-REF,,B,Aprobada,280.0,516801.61
IND-202511-009,Independencia,2025-11-01,ED-LIC,ED-REF,,B,Denegada,72.9,74265.19
IND-202511-010,Independencia,2025-11-01,HU-LIC,,HU-COM,B,Aprobada,199.5,157244.42
IND-202511-011,Independencia,2025-11-01,ED-LIC,ED-AMP,,C,En evaluación,92.2,112342.9
IND-202512-001,Independencia,2025-12-01,ED-LIC,ED-REF,,B,Observada,168.2,256477.72
IND-202512-002,Independencia,2025-12-01,ED-LIC,ED-REF,,A,Aprobada,153.3,288734.58
IND-202512-003,Independencia,2025-12-01,HU-LIC,,HU-VIV-VVE,B,Aprobada,662.3,1258750.56
IND-202512-004,Independencia,2025-12-01,ED-LIC,ED-REF,,D,Aprobada,228.8,484636.81
IND-202512-005,Independencia,2025-12-01,ED-LIC,ED-REM,,B,Aprobada,118.0,101721.25
IND-202512-006,Independencia,2025-12-01,HU-LIC,,HU-ETAP,B,Observada,175.4,210896.4
IND-202512-007,Independencia,2025-12-01,ED-LIC,ED-NUE,,B,Aprobada,339.2,403333.31
IND-202512-008,Independencia,2025-12-01,ED-LIC,ED-CER,,A,Aprobada,61.9,135718.68
IND-202512-009,Independencia,2025-12-01,ED-LIC,ED-NUE,,B,Aprobada,107.3,221737.51
IND-202512-010,Independencia,2025-12-01,ED-LIC,ED-ACO,,C,Aprobada,266.2,258657.99
IND-202512-011,Independencia,2025-12-01,ED-LIC,ED-REF,,B,Aprobada,396.3,634455.78
